article_id,article_images_thumbnail,article_images_title,article_video_title_url,article_images_main,article_images_content_1,article_images_content_2,article_images_content_3
4,,,,,,,
5,article_images/article_images_thumbnail_4.png,article_images/article_images_title_4.png,,,,,
6,article_images/article_images_thumbnail_5.png,article_images/article_images_title_5.png,,,,,
7,article_images/article_images_thumbnail_6.png,article_images/article_images_title_6.png,,,,,
8,article_images/article_images_thumbnail_7.png,article_images/article_images_title_7.png,,,,,
9,article_images/article_images_thumbnail_8.png,,https://www.youtube.com/watch?v=vuENa3dBo-U,,,,
13,article_images/article_images_thumbnail_12.png,article_images/article_images_title_12.png,,,,,
14,article_images/article_images_thumbnail_13.png,article_images/article_images_title_13.png,,,,,
15,article_images/article_images_thumbnail_14.png,article_images/article_images_title_14.png,,,,,
16,article_images/article_images_thumbnail_15.png,,https://youtu.be/MrARonNVYMA,,,,
17,article_images/article_images_thumbnail_16.png,article_images/article_images_title_16.png,,,,,
18,article_images/article_images_thumbnail_17.png,article_images/article_images_title_17.png,,,,,
19,article_images/article_images_thumbnail_18.png,,https://youtu.be/_7G-tpIEuwQ,,,,
20,article_images/article_images_thumbnail_19.png,article_images/article_images_title_19.png,,,,,
21,article_images/article_images_thumbnail_20.png,article_images/article_images_title_20.png,,,,,
22,article_images/article_images_thumbnail_21.png,article_images/article_images_title_21.png,https://youtu.be/HqzblQCfWpY,,article_images/article_images_content_21.png,,
23,article_images/article_images_thumbnail_22.png,article_images/article_images_title_22.png,,,,,
24,article_images/article_images_thumbnail_23.png,article_images/article_images_title_23.png,,,,,
25,,,,,,,
26,article_images/article_images_thumbnail_25.png,article_images/article_images_title_25.png,,,,,
27,article_images/article_images_thumbnail_26.png,,https://youtu.be/LXAmxz1PXwE,,,,
28,article_images/article_images_thumbnail_27.png,article_images/article_images_title_27.png,,,,,
29,article_images/article_images_thumbnail_28.png,article_images/article_images_title_28.png,,article_images/article_images_content_28.png,,,
30,article_images/article_images_thumbnail_29.png,article_images/article_images_title_29.png,,article_images/article_images_main_29.png,article_images/article_images_content_1_29,article_images/article_images_content_2_29,
31,article_images/article_images_thumbnail_30.png,article_images/article_images_title_30.png,,,,,
32,article_images/article_images_thumbnail_31.png,article_images/article_images_title_31.png,,,,,
33,article_images/article_images_thumbnail_32.png,article_images/article_images_title_32.png,,,,,
34,article_images/article_images_thumbnail_33.png,article_images/article_images_title_33.png,,article_images/article_images_main_33.png,article_images/article_images_content_1_33.png,,
35,article_images/article_images_thumbnail_34.png,,https://youtu.be/q6SEdT7jaLw,,,,
36,article_images/article_images_thumbnail_35.png,article_images/article_images_title_35.png,,article_images/article_images_main_35.png,article_images/article_images_content_1_35.png,,
37,article_images/article_images_thumbnail_36.png,article_images/article_images_title_36.png,,,,,
38,article_images/article_images_thumbnail_37.png,article_images/article_images_title_37.png,,,,,
39,article_images/article_images_thumbnail_38.png,article_images/article_images_title_38.png,,,,,
40,article_images/article_images_thumbnail_39.png,article_images/article_images_title_39.png,,,,,
41,article_images/article_images_thumbnail_40.png,article_images/article_images_title_40.png,,article_images/article_images_main_40.png,,,
42,article_images/article_images_thumbnail_41.png,article_images/article_images_title_41.png,,,,,
43,article_images/article_images_thumbnail_42.png,article_images/article_images_title_42.png,,,,,
44,article_images/article_images_thumbnail_43.png,article_images/article_images_title_43.png,,,,,
45,article_images/article_images_thumbnail_44.png,article_images/article_images_title_44.png,,,,,
46,article_images/article_images_thumbnail_45.png,article_images/article_images_title_45.png,,,,,
47,article_images/article_images_thumbnail_46.png,article_images/article_images_title_46.png,,,,,
48,article_images/article_images_thumbnail_47.png,article_images/article_images_title_47.png,,,,,
49,,,,,,,
50,,,,,,,
51,,,,,,,
52,article_images/article_images_thumbnail_51.png,article_images/article_images_title_51.png,,,,,
53,article_images/article_images_thumbnail_52.png,article_images/article_images_title_52.png,,,,,
54,article_images/article_images_thumbnail_53.png,article_images/article_images_title_53.png,https://youtu.be/0tRLn5q3-48,,,,
55,article_images/article_images_thumbnail_54.png,article_images/article_images_title_54.png,,,,,
56,article_images/article_images_thumbnail_55.png,article_images/article_images_title_55.png,,,,,
57,article_images/article_images_thumbnail_56.png,article_images/article_images_title_56.png,,,,,
58,article_images/article_images_thumbnail_57.png,article_images/article_images_title_57.png,,,,,
59,article_images/article_images_thumbnail_58.png,article_images/article_images_title_58.png,,,,,
60,article_images/article_images_thumbnail_59.png,article_images/article_images_title_59.png,,,,,
61,article_images/article_images_thumbnail_60.png,article_images/article_images_title_60.png,,,,,
62,,,,,,,
63,,,,,,,
64,,,,,,,
65,,,,,,,
66,,,,,,,
67,,,,,,,
68,article_images/article_images_thumbnail_67.png,article_images/article_images_title_67.png,,,,,
69,article_images/article_images_thumbnail_68.png,article_images/article_images_title_68.png,,,,,
70,article_images/article_images_thumbnail_69.png,article_images/article_images_title_69.png,,,,,
71,article_images/article_images_thumbnail_70.png,article_images/article_images_title_70.png,,,,,
72,article_images/article_images_thumbnail_71.png,article_images/article_images_title_71.png,,,,,
73,article_images/article_images_thumbnail_72.png,article_images/article_images_title_72.png,,,,,
74,article_images/article_images_thumbnail_73.png,article_images/article_images_title_73.png,,,,,
75,article_images/article_images_thumbnail_74.png,article_images/article_images_title_74.png,,,,,
76,article_images/article_images_thumbnail_75.png,article_images/article_images_title_75.png,,,,,
77,article_images/article_images_thumbnail_76.png,article_images/article_images_title_76.png,,,,,
78,article_images/article_images_thumbnail_77.png,article_images/article_images_title_77.png,,,,,
79,article_images/article_images_thumbnail_78.png,article_images/article_images_title_78.png,,,,,
80,article_images/article_images_thumbnail_79.png,article_images/article_images_title_79.png,,,,,
81,article_images/article_images_thumbnail_80.png,article_images/article_images_title_80.png,,,,,
82,article_images/article_images_thumbnail_81.png,article_images/article_images_title_81.png,,,,,
83,article_images/article_images_thumbnail_82.png,article_images/article_images_title_82.png,,,,,
84,article_images/article_images_thumbnail_83.png,article_images/article_images_title_83.png,,,,,
85,article_images/article_images_thumbnail_84.png,article_images/article_images_title_84.png,https://youtu.be/XTsXZjEj3FY,,,,
86,,,,,,,
87,,,,,,,
88,article_images/article_images_thumbnail_87.png,article_images/article_images_title_87.png,,,,,
89,article_images/article_images_thumbnail_88.png,article_images/article_images_title_88.png,,,,,
90,article_images/article_images_thumbnail_89.png,article_images/article_images_title_89.png,,,,,
91,article_images/article_images_thumbnail_90.png,article_images/article_images_title_90.png,,,,,
92,article_images/article_images_thumbnail_91.png,article_images/article_images_title_91.png,https://youtu.be/7UzbiNvs1LU,,,,
93,article_images/article_images_thumbnail_92.png,article_images/article_images_title_92.png,,,,,
94,article_images/article_images_thumbnail_93.png,article_images/article_images_title_93.png,,,,,
95,article_images/article_images_thumbnail_94.png,article_images/article_images_title_94.png,,,,,
96,,,https://scontent.ftpe8-4.fna.fbcdn.net/v/t42.1790-2/17069093_1101720943271024_3063533823582011392_n.mp4?_nc_cat=104&ccb=1-7&_nc_sid=55d0d3&efg=eyJybHIiOjMwMCwicmxhIjo1MTIsInZlbmNvZGVfdGFnIjoic3ZlX3NkI,,,,
97,article_images/article_images_thumbnail_96.png,article_images/article_images_title_96.png,,,,,
98,article_images/article_images_thumbnail_97.png,article_images/article_images_title_97.png,,,,,
99,article_images/article_images_thumbnail_98.png,,https://youtu.be/bZJlTMg-Epw,,,,
100,article_images/article_images_thumbnail_99.png,article_images/article_images_title_99.png,,article_images/article_images_main_99.png,article_images/article_images_content_1_99.png,article_images/article_images_content_2_99.png,
101,article_images/article_images_thumbnail_100.png,article_images/article_images_title_100.png,,article_images/article_images_main_100.png,,,
102,article_images/article_images_thumbnail_101.png,article_images/article_images_title_101.png,https://youtu.be/ij5p-BSsds8,,,,
103,article_images/article_images_thumbnail_102.png,article_images/article_images_title_102.png,,,,,
104,article_images/article_images_thumbnail_103.png,article_images/article_images_title_103.png,,,,,
105,article_images/article_images_thumbnail_104.png,article_images/article_images_title_104.png,,,,,
106,article_images/article_images_thumbnail_105.png,article_images/article_images_title_105.png,,,,,
107,article_images/article_images_thumbnail_106.png,article_images/article_images_title_106.png,,,,,
108,article_images/article_images_thumbnail_107.png,article_images/article_images_title_107.png,,,,,
109,article_images/article_images_thumbnail_108.png,article_images/article_images_title_108.png,,,,,
110,article_images/article_images_thumbnail_109.png,article_images/article_images_title_109.png,,,,,
111,article_images/article_images_thumbnail_110.png,article_images/article_images_title_110.png,,article_images/article_images_main_110.png,article_images/article_images_content_1_10.png,,
112,article_images/article_images_thumbnail_111.png,article_images/article_images_title_111.png,,,,,
113,article_images/article_images_thumbnail_112.png,article_images/article_images_title_112.png,,,,,
114,article_images/article_images_thumbnail_113.png,article_images/article_images_title_113.png,,,,,
115,article_images/article_images_thumbnail_114.png,article_images/article_images_title_114.png,,,,,
116,article_images/article_images_thumbnail_115.png,article_images/article_images_title_115.png,,,,,
117,article_images/article_images_thumbnail_116.png,article_images/article_images_title_116.png,,,,,
118,article_images/article_images_thumbnail_117.png,article_images/article_images_title_117.png,,,,,
119,article_images/article_images_thumbnail_118.png,article_images/article_images_title_118.png,,,,,
120,article_images/article_images_thumbnail_119.png,article_images/article_images_title_119.png,,,,,
121,article_images/article_images_thumbnail_120.png,article_images/article_images_title_120.png,,,,,
122,article_images/article_images_thumbnail_121.png,article_images/article_images_title_121.png,,,,,
123,article_images/article_images_thumbnail_122.png,article_images/article_images_title_122.png,,article_images/article_images_main_122.png,article_images/article_images_content_1_122.png,article_images/article_images_content_2_122.png,
124,article_images/article_images_thumbnail_123.png,article_images/article_images_title_123.png,,,,,
125,article_images/article_images_thumbnail_124.png,article_images/article_images_title_124.png,,,,,
126,article_images/article_images_thumbnail_125.png,article_images/article_images_title_125.png,,,,,
127,article_images/article_images_thumbnail_126.png,article_images/article_images_title_126.png,,,,,
128,article_images/article_images_thumbnail_127.png,article_images/article_images_title_127.png,,,,,
129,article_images/article_images_thumbnail_128.png,article_images/article_images_title_128.png,,,,,
130,article_images/article_images_thumbnail_129.png,article_images/article_images_title_129.png,,article_images/article_images_main_129.png,,,
131,article_images/article_images_thumbnail_130.png,article_images/article_images_title_130.png,,,,,
132,article_images/article_images_thumbnail_131.png,article_images/article_images_title_131.png,,,,,
133,article_images/article_images_thumbnail_132.png,article_images/article_images_title_132.png,,,,,
134,article_images/article_images_thumbnail_133.png,article_images/article_images_title_133.png,,,,,
135,article_images/article_images_thumbnail_134.png,article_images/article_images_title_134.png,,,,,
136,article_images/article_images_thumbnail_135.png,article_images/article_images_title_135.png,,,,,
137,article_images/article_images_thumbnail_136.png,article_images/article_images_title_136.png,,,,,
138,article_images/article_images_thumbnail_137.png,article_images/article_images_title_137.png,,,,,
139,article_images/article_images_thumbnail_138.png,article_images/article_images_title_138.png,,,,,
140,article_images/article_images_thumbnail_139.png,article_images/article_images_title_139.png,,,,,
141,article_images/article_images_thumbnail_140.png,article_images/article_images_title_140.png,,,,,
142,article_images/article_images_thumbnail_141.png,article_images/article_images_title_141.png,,,,,
143,article_images/article_images_thumbnail_142.png,article_images/article_images_title_142.png,,,,,
144,article_images/article_images_thumbnail_143.png,article_images/article_images_title_143.png,,,,,
145,article_images/article_images_thumbnail_144.png,article_images/article_images_title_144.png,,,,,
146,,,,,,,
147,article_images/article_images_thumbnail_146.png,article_images/article_images_title_146.png,,,,,
148,article_images/article_images_thumbnail_147.png,article_images/article_images_title_147.png,,,,,
149,article_images/article_images_thumbnail_148.png,article_images/article_images_title_148.png,,,,,
150,article_images/article_images_thumbnail_149.png,article_images/article_images_title_149.png,,,,,
151,article_images_thumbnail_150.png,article_images_title_150.png,,,,,
152,article_images/article_images_thumbnail_151.png,article_images/article_images_title_151.png,,,,,
153,article_images/article_images_thumbnail_152.png,article_images/article_images_title_152.png,,,,,
154,article_images/article_images_thumbnail_153.png,article_images/article_images_title_153.png,,,,,
155,article_images/article_images_thumbnail_154.png,article_images/article_images_title_154.png,,,,,
156,article_images/article_images_thumbnail_155.png,article_images/article_images_title_155.png,,,,,
157,article_images/article_images_thumbnail_156.png,article_images/article_images_title_156.png,,,,,
158,article_images/article_images_thumbnail_157.png,article_images/article_images_title_157.png,,,,,
159,article_images/article_images_thumbnail_158.png,article_images/article_images_title_158.png,,,,,
160,article_images/article_images_thumbnail_159.png,article_images/article_images_title_159.png,,,,,
161,article_images/article_images_thumbnail_160.png,article_images/article_images_title_160.png,,,,,
162,article_images/article_images_thumbnail_161.png,article_images/article_images_title_161.png,,,,,
163,article_images/article_images_thumbnail_162.png,article_images/article_images_title_162.png,,,,,
164,article_images/article_images_thumbnail_163.png,article_images/article_images_title_163.png,,,,,
165,article_images/article_images_thumbnail_164.png,article_images/article_images_title_164.png,,,,,
166,article_images/article_images_thumbnail_165.png,article_images/article_images_title_165.png,,,,,
167,article_images/article_images_thumbnail_166.png,article_images/article_images_title_166.png,,,,,
168,article_images/article_images_thumbnail_167.png,article_images/article_images_title_167.png,,,,,
169,article_images/article_images_thumbnail_168.png,article_images/article_images_title_168.png,,,,,
170,article_images/article_images_thumbnail_169.png,article_images/article_images_title_169.png,,,,,
171,article_images/article_images_thumbnail_170.png,article_images/article_images_title_170.png,,,,,
172,article_images/article_images_thumbnail_171.png,article_images/article_images_title_171.png,,,,,
173,article_images/article_images_thumbnail_172.png,article_images/article_images_title_172.png,,,,,
174,,,,,,,
175,,,,,,,
176,article_images_thumbnail_175.png,article_images_title_175.png,,,,,
177,article_images_thumbnail_176.png,article_images_title_176.png,,,,,
178,article_images_thumbnail_177.png,article_images_title_177.png,,,,,
179,article_images_thumbnail_178.png,article_images_title_178.png,,,,,
180,article_images_thumbnail_179.png,article_images_title_179.png,,,,,
181,article_images_thumbnail_180.png,article_images_title_180.png,,,,,
182,article_images_thumbnail_181.png,article_images_title_181.png,,,,,
183,article_images_thumbnail_182.png,article_images_title_182.png,,,,,
184,article_images_thumbnail_183.png,article_images_title_183.png,,,,,
185,article_images_thumbnail_184.png,article_images_title_184.png,,,,,
186,article_images_thumbnail_185.png,article_images_title_185.png,,,,,
187,article_images_thumbnail_186.png,article_images_title_186.png,https://youtu.be/ukrnCwcLvV8,,,,
188,article_images_thumbnail_187.png,article_images_title_187.png,,,,,
189,article_images_thumbnail_188.png,article_images_title_188.png,,,,,
190,article_images/480_2024-08-24.webp,,,,,,
191,,,,article_images/o202407151707274413_2024-08-24.jpg,,,
192,,,,,,,
,,,,,,,
è·Ÿéš¨å¥ˆç±³è£½ç??„å¿«?Ÿç™¼å±•ï??Œæ¨£é«”ç??„é›»?¶é?ä¸Šå?ä»¥å®¹ç´æ?ä»¥å??´å?ä¸”æ›´è¤‡é??„é›»è·¯ï??ºèƒ½?¯æ?ä¸æ–·?å??„æ??½é?æ±‚ï?çªç ´ç©é??»è·¯è¨­è??³æ??ºä??è??„ä??°ã€‚ç„¶?Œåœ¨?Šå?é«”ç”¢æ¥­ä¸­ï¼Œè£½ç¨‹ç??¼è?ç©é??»è·¯è¨­è??„äºº?é??é?è¦è€—è²»å¤§é??‚é??‚å?æ­¤é™¤äº†æ¥­?Œæ?è¡“ç?ä¸æ–·?©æ–°ä¹‹å?ï¼Œä½¿æ¬²æ??¥å?å°é??¢æ¥­?„è??˜å­¸å­å¿«?Ÿè?ä¸Šç”¢æ¥­è??•ä¾¿?¯å­¸?¡æ??²ç??è?ä½¿å‘½??,,,,,,,
,,,,,,,
?Œé™½?äº¤å¤§åœ¨?Šå?é«”è¨­è¨ˆé??Ÿæ?çºŒæ·±?•ï??‹ç”¨?¨å­¸?¡è£¡?„æ?å¯¦æ?å­¸åŸ¹é¤Šå…·?™å³?°å??„ç?é«”é›»è·¯è¨­è¨ˆäºº?ã€‚é™½?äº¤å¤§å‰¯?¡é•·?é®å®œï?ä¸‹ç¨±?å‰¯?¡é•·ï¼‰ï??Œæ?ä¹Ÿæ˜¯?ç»ç©é??»è·¯è¨­è?å¯¦é?å®¤ç?ä¸»æ?äººï?èªªé?ï¼šã€Œç‚ºäº†èƒ½å¤ å¿«?Ÿé€??ä¸Šæ¥­?Œèƒ½?›ç?äººæ??€æ±‚ï??‘å€‘å­¸??ICè¨­è?èª²ç?èª²æ¥­è² æ?å¯¦é?ä¸Šæ˜¯?å¸¸?ç?ï¼Œç??³æ??‹å??‚å?å¤§å­¸?¸é?èª²ç??„è??·é?è¦ä?å¾—é??‚ã€?,,,,,,,
,,,,,,,
?å‰¯?¡é•·ï¼ˆå??³ï?èªªæ?è¿‘å¹´?¶ç??²æ­¥?Šæ”¹?„é?ç®—è¨­?™å?? å¿«è¨­è?æµç??„é?è¦æ€§ã€‚ï?Sourceï¼šç??€?°å ±?ï?,,,,,,,
?€?‰ä¼º?å™¨ï¼Œè§£æ±ºæ?å­¸ä??„å?é¡?,,,,,,,
?¨è?IC è¨­è??„ç”¢æ¥­ä??·é©?°ï?æ¯å­¸?Ÿç?å­¸ç?äººæ•¸?ˆç¾?æ•¸?é•·ï¼Œåœ¨å­¸æ ¡è³‡æ??‰é??„æ?å½¢ä?ä¸‹ï?å¯¦é?å®¤ä??¢è‡¨è¨­å?ä¸è¶³?‡è€è??„å?é¡Œã€‚å?ç·???ƒä?ï¼Œæ??¼å??¥å¯¦é©—å®¤?„ç??‹ç?æ³ï??œæ? AMD?ç¾¤?¯é›»å­ã€ç??‰ç??€?ä??Ÿé›»å­å??—ä??»å?ï¼Œå…±?Œæ?? å?ç«¯ä¼º?å™¨è´ˆä??Œå??»ç?é«”é›»è·¯è¨­è¨ˆå¯¦é©—å®¤?ï?å¤§å¤§?å?å¯¦é?å®¤ç?ä½¿ç”¨é«”é???,,,,,,,
,,,,,,,
?¨è¨ªè«‡ä¸­ï¼Œæ??¯æ ¡?·æ??°æ–°ä¼ºæ??¨æ¶æ§‹ç?å½±éŸ¿ï¼šã€Œè?å¹´æ™¶?‡æ?è¡“å·²?‰é•·è¶³é€²æ­¥ï¼Œå¦¥?„é??¨ä¼º?å™¨?¶ç??¯ä»¥å¤§å?ç¸®çŸ­æ¸¬è©¦ç©é??»è·¯è¨­è??„æ??“ã€‚ã€é€™ä??²æ­¥?½è?å­¸ç??¨æ?ä½œä¸­?´è??Ÿæ?ç¢ºåœ°?²å?çµæ?ï¼Œå??Œæ›´æ·±å…¥?”ç©¶?»è·¯è¨­è??Œç³»çµ±é?ä½œï??²ä?æ­¥æ?é«˜ä??‘ç?å­¸ç??ˆæ??Œå³?°å???,,,,,,,
,,,,,,,
?€???°R282-Z91æ©Ÿæ¶å¼ä¼º?å™¨???°H282-ZC1é«˜å?åº¦ä¼º?å™¨?†åˆ¥?®æ??—ä??Œç?è§’è‰²ï¼ŒR282-Z91è¢«ä½¿?¨ä??ºè??™ä¼º?å™¨ï¼ŒH282-ZC1?‡ä??ºé?ç®—ç?é»ï?nodeï¼‰ã€‚å…©?°R282-Z91è¢«å??¥é??¨åœ¨ä¸€??IC è¨­è??‡å??²è£½ç¨‹è¨­è¨ˆå…©ç¨®é??Ÿï?6?°H282-ZC1?€?ä??…è¶³?„é?ç®—ç?é»ï??¯æ»¿è¶³å¤§?è€Œå??†ç??„ç¨®?ä??€æ±‚ã€?,,,,,,,
,,,,,,,
?‰æ??‡ç??©æ”»?™å­¸ï¼Œå?äººå??‚ä½¿?¨ä?ä¸å¡??,,,,,,,
?€?©è¨­è¨ˆä¼º?å™¨?¶æ??‚ï?å°±è€ƒé??°å¤§å¹…åº¦?´å¼µ?„ä½¿?¨é?æ±‚ï??™æ¨£?„é?æ±‚ä??…æ­¢?¼é?ç®—ï?è³‡æ??³è¼¸ä¹Ÿæ˜¯å¾ˆé?è¦ç??ƒé?? ç??‚æ?ä»¥åœ¨?²å?ä¼ºæ??¨ç??¶æ?è¦å?ä¸Šï?è©²ç³»çµ±ç”±?©å€‹è??™ä¼º?å™¨ï¼ˆR282-Z91ï¼‰æ??ï??­é?ç¾¤è¯?ˆé€²ç??ºæ?ç¡¬ç??€è¡“ï??ä?è¶…é? 500 TB ?„å??²å®¹?ã€‚é€é? 20Gbps ?„é?è·¯è???(Link Aggregation)ï¼Œèƒ½å¤ æ??ˆæ?é«˜é?ç®—ç?é»ä??“ç?æºé€šé »å¯¬ã€?,,,,,,,
,,,,,,,
?‹ç??Ÿèƒ½?‡ç”±H282-ZC1é«˜å?åº¦ä¼º?å™¨ä¸­ç??‹ç?ç¯€é»ä??ä??‚CPU?¹é¢ï¼ŒH282-ZC1?¡ç”¨AMD EPYC 7003?•ç??¨ï???D V-Cache?¢æ?è¡“ï?7å¥ˆç±³è£½ç?Zen 3?¶æ?ï¼Œæ?é«˜å¯??4?¸å?ï¼Œä¸¦?ä? PCIe 4.0 é«˜æ?è¨Šè??³è¼¸ï¼Œå¯?”åˆ° 128GB/s ?„é »å¯¬ï?ç¸½å…±?ä?è¶…é?2300å¯¦é??¸å??„ç??›ï?å¯¦ç¾å¿«é€Ÿç©©å®šç???¥?‡é?å¯†åº¦?„è?ç®—ã€‚å¯¦é©—å®¤è³‡æ·±ç®¡ç??¡è³´?—é´»?åˆ°ï¼šã€Œå??ºæ??‘å? IC è¨­è?ï¼Œæ?ä¸»è??¯ç”¨CPU?‹ç?ï¼Œæ?ä»¥å?ç¯€é»å??¸å??„CPUç³»çµ±?¯ä»¥å¾ˆæ??ˆç?å¹«åŠ©?‘å€‘åœ¨è¨­è??‚å??Ÿã€‚ã€è€Œæ??‰ä¼º?å™¨æ¯ä??‹ç?é»å°±?ç½®??TB?„DDR4 è¨˜æ†¶é«”ï?å¾—ä»¥?‰ä??‡æ•¸?é•·?„å¤§?‹ICè¨­è???,,,,,,,
,,,,,,,
,,,,,,,
,,,,,,,
å¯¦é?å®¤è?æ·±ç®¡?†å“¡è³´æ?é´»ç‚º?‘å€‘ä?ç´¹æ??‰ä¼º?å™¨ä¾¿æ–¼ç®¡ç??„ç¨ç«‹æ??¿ç©º?“ã€‚ï?Sourceï¼šç??€?°å ±?ï?,,,,,,,
?™æ¬¡?„å?ç´šä½¿å¾—ä½¿?¨æ?å¢ƒæ›´å¤šå?ï¼Œåœ¨èª²å?ï¼Œå­¸?Ÿå¯ä»¥åœ¨?¸å??´å„ªè³ªç??°å?ç¹¼ç?ç·´ç??ç”¢?ºä??ï?å­¸ç?é«”é?å¤§å??å?ï¼Œæ?å°‘è¨­?™æ?? æ??„ç?å¾…æ??“ï??Œæ?è®“ä?æ¥­å?è³ªæ?å¤§å?åº¦ç?çªç ´ï¼Œä¸¦ä¸”æ??½å??²è??´è??œç?è¨­è?ç·´ç???,,,,,,,
,,,,,,,
?¨ç®¡?†æ–¹?¢ï??ºæ?ç·©å¤§?å??‚ä½¿?¨æ?? æ??„å?å¡æ?æ³ï?ä¸¦å?è³‡æ??”åˆ°?€?‰æ??„åˆ©?¨ï??ç»ç©é??»è·¯è¨­è?å¯¦é?å®¤è‡ªä¸»é??¼ä?ä¼ºæ??¨æ??ç®¡?¶ç³»çµ±ï??½å??‰æ??†æ??Œå­¸ä½¿ç”¨?„æ?æ³ï??Œæ??“ä??½å???¸¬è¨­å??„ç??‹ï??½å??´å¦¥?„ç??‹ç”¨?™ä?è¨­å?ä¸¦æ??‡å?å­¸ä½¿?¨é?é©—ã€?,,,,,,,
,,,,,,,
?é?ç®¡ç??Œå­¸ä¼ºæ??¨ç?ä½¿ç”¨?†æ??‡ç›£?§ä¼º?å™¨?„ç??‹ï??½å??‰æ?æ¸›ç·©?®ä?ä¼ºæ??¨é?è¼‰ç??…å½¢?¼ç??‚ï?Sourceï¼šé™½?äº¤å¤§å??»ç?é«”é›»è·¯è¨­è¨ˆå¯¦é©—å®¤ï¼?,,,,,,,
å¾è¨­?™ä?è¶³åˆ°é«˜é€Ÿæ?ä½?,,,,,,,
?Œé??»æ?ä¸€?°é›»?¦å°±?¯æ??‘ç?ä¼ºæ??¨ï?å­¸ç?å¿…é?? ç«¯??€²é›»?¦ï?ä½†æ??°é›»?¦è??¶é??ªæ?8GBï¼Œæ?ä»¥ä»¥?æ??‘æ?å­¸ç??ç??¯é?å¸¸å¡?“ç?ï¼Œç‰¹?¥æ˜¯è¦ç•«ä¸€äº›å?è¤‡é??„ç??–ï??€è¦å??ªå?ä½ˆå??–ç?ç·šä?æ¥­æ?ï¼ŒèŠ±è²»å?å¤šæ??“ã€‚ã€è³´?—é´»?¥è??åˆ°ï¼šã€Œæ??“å€‹æ??¹å¥½äº†ï??å»?¯èƒ½?€è¦èŠ±ä¸€å°æ??²è??„æ??“ï??¾åœ¨?ªé?è¦???0?†é?å°±å¯ä»¥å??ï??½å·®?å¸¸å·¨å¤§?‚ã€?,,,,,,,
,,,,,,,
?å??Ÿåº¦?„é??µå?? åœ¨?¼ï?å­¸ç?ä¸å??¯é?ç«¯é€???²å€‹åˆ¥?»è…¦ï¼Œè€Œæ˜¯????²ä¼º?å™¨ç³»çµ±ï¼Œç›´?¥åœ¨é«˜ç??›ç’°å¢ƒä??ä??‚å¦å¤–ï??€?¼æ??ä??„ä¼º?å™¨?Œé?ç®—ç?é»ï??¾åœ¨ä¸€?‹å­¸?Ÿå¯ä»¥é?å°‡è?1500?‹å¸³?Ÿï??€é«˜å³°?¯ä»¥å®¹ç?è¶…é?500äººå??‚ä½¿?¨é€™å€‹ä¼º?å™¨å¹³å°ï¼Œå¤§å¹…æ??‡å­¸?Ÿç?ä½¿ç”¨é«”é?ï¼Œæ??‡æ??‡å?ï¼Œä??ä?å­¸ç??´å¥½?„å­¸ç¿’ç©º?“ã€?,,,,,,,
ä¼æ¥­?‡å­¸?¡é?å»ºç?èµ·ç??±æ¦®å±•æ?,,,,,,,
è§?±ºäº†åŸºç¤è¨­?™å?é¡Œï?å­¸ç??‘åœ¨?¡ç?å­¸ç??ƒæ›´?‰æ??‡ï??™ä??±å??»ç?é«”é›»è·¯è¨­è¨ˆå¯¦é©—å®¤?€?¹é??ºç?äººæ?ï¼Œæœªä¾†ä??ƒæ??¥å?å°é??¢æ¥­ï¼Œæ??ºä?æ¥­ç??³æ??°å?ä¸€?¡ã€‚è€Œå??»ç?é«”é›»è·¯è¨­è¨ˆå¯¦é©—å®¤ä¹Ÿå??ç??‘å??‚å??¼å¯¦é©—å®¤ä¸‹ä?æ­¥ç?è¨ˆå?ï¼Œæ??¯æ ¡?·é€éœ²ï¼Œé??»ç”±å­¸é•·å§Šå€‘æ??™ä?ä¾†ç?å­¸ç??æ??‡ç?ç©¶è??™éƒ½è¢«å¦¥?„ä??™ï??™æ­£?¯æ·±åº¦å­¸ç¿’è?ç·´ç??€ä½³ç??ã€‚é¢å°å?å­å??„æ??°ï?å¯¦é?å®¤ç?ä¸‹å€‹é?æ®µæ?è¨±æ???AI ?„é€²ç??¼å?ï¼Œè¨­è¨ˆç?é«”é›»è·¯é??Ÿç?å¤§å?èªè?æ¨¡å?ï¼Œç??–å?ç²¾æ™¶?‡é??Ÿç?äººå·¥?ºæ…§èªè?æ¨¡å?ChipGPTï¼Œç›¼?ºå°???é«”é›»è·¯è¨­è¨ˆæ??²é??µæ–°?„é?ç¨‹ç???,,,,,,,
